date_clean,pm_25,no2,DateKey,County
2021-05-01,6.865122149069072,27.77360654589378,2023-01-01,Dublin
2021-05-02,8.498159365104799,29.913744764546706,2023-01-02,Dublin
2021-05-03,15.603473174141314,26.383969063311973,2023-01-03,Dublin
2021-05-04,6.028756331122944,16.035978071415492,2023-01-04,Dublin
2021-05-05,10.23218339028919,14.319762926680495,2023-01-05,Dublin
2021-05-06,6.969773109101337,26.102698984627956,2023-01-06,Dublin
2021-05-07,14.043560925364986,24.055698200201213,2023-01-07,Dublin
2021-05-08,16.437754909783678,27.0553717793633,2023-01-08,Dublin
2021-05-09,10.578536277428743,29.35915227547975,2023-01-09,Dublin
2021-05-10,13.48667434167216,27.892457894247833,2023-01-10,Dublin
2021-05-11,6.127026961324319,21.351839203518573,2023-01-11,Dublin
2021-05-12,12.017990413389851,24.890893291435894,2023-01-12,Dublin
2021-05-13,9.039266276175944,27.012729365437664,2023-01-13,Dublin
2021-05-14,18.122806507197637,29.2391744736464,2023-01-14,Dublin
2021-05-15,18.046686726206726,10.75695162961409,2023-01-15,Dublin
2021-05-16,18.338260803799503,26.747629280449964,2023-01-16,Dublin
2021-05-17,15.867015628750243,13.759129360578275,2023-01-17,Dublin
2021-05-18,17.643337966216077,24.91045593425372,2023-01-18,Dublin
2021-05-19,15.833589624268532,18.191871064926914,2023-01-19,Dublin
2021-05-20,16.62127521343731,12.066873515108892,2023-01-20,Dublin
2021-05-21,6.417033302680207,11.18790662895313,2023-01-21,Dublin
2021-05-22,8.977610224998031,22.392902195556363,2023-01-22,Dublin
2021-05-23,11.254390573468148,14.555224466886136,2023-01-23,Dublin
2021-05-24,14.718309090104476,20.347484095172153,2023-01-24,Dublin
2021-05-25,9.454009302157255,11.474550853008992,2023-01-25,Dublin
2021-05-26,14.774962946067998,12.080040332575212,2023-01-26,Dublin
2021-05-27,19.43032953795349,17.790186247663385,2023-01-27,Dublin
2021-05-28,6.079613829023153,25.236649601408907,2023-01-28,Dublin
2021-05-29,14.497585777003945,27.884211766478593,2023-01-29,Dublin
2021-05-30,7.121570869203381,12.283728881507468,2023-01-30,Dublin
2021-05-31,10.12096911288585,17.728348838599345,2023-01-31,Dublin
2021-06-01,8.330467465416573,19.240426690441943,2023-02-01,Dublin
2021-06-02,16.277016522691422,10.894768807753827,2023-02-02,Dublin
2021-06-03,18.634265138584237,10.040198268722724,2023-02-03,Dublin
2021-06-04,9.939675311918844,11.13204216458147,2023-02-04,Dublin
2021-06-05,16.70666507159705,17.805219127994512,2023-02-05,Dublin
2021-06-06,17.025805267136487,15.787966474412071,2023-02-06,Dublin
2021-06-07,18.60258500671368,12.28213208336082,2023-02-07,Dublin
2021-06-08,15.07555764665987,24.747692759005435,2023-02-08,Dublin
2021-06-09,12.119407743368566,26.625957983205232,2023-02-09,Dublin
2021-06-10,12.30693822436562,12.42826322897769,2023-02-10,Dublin
2021-06-11,12.776999320964087,12.944168649275568,2023-02-11,Dublin
2021-06-12,16.667424234117643,11.539905350062668,2023-02-12,Dublin
2021-06-13,16.589807985475222,29.326546039686754,2023-02-13,Dublin
2021-06-14,14.8597470844544,20.45782341426967,2023-02-14,Dublin
2021-06-15,8.742320187459258,24.7275732400981,2023-02-15,Dublin
2021-06-16,8.36642080559675,19.345733376747056,2023-02-16,Dublin
2021-06-17,6.9946369990247215,10.261084027655961,2023-02-17,Dublin
2021-06-18,14.246557919487286,12.939138946959186,2023-02-18,Dublin
2021-06-19,8.296811141028352,23.10440523764073,2023-02-19,Dublin
2021-06-20,12.788457947506883,14.299683675532282,2023-02-20,Dublin
2021-06-21,12.600349930701912,11.175711452997632,2023-02-21,Dublin
2021-06-22,14.530524677674801,28.877349138960287,2023-02-22,Dublin
2021-06-23,17.01579920157996,17.957089340214797,2023-02-23,Dublin
2021-06-24,18.112620478667015,10.957281482627309,2023-02-24,Dublin
2021-06-25,11.355746232311652,22.419774164380872,2023-02-25,Dublin
2021-06-26,12.551155096963651,16.940581190169816,2023-02-26,Dublin
2021-06-27,17.37140526395562,20.858147256427696,2023-02-27,Dublin
2021-06-28,11.875178649415309,27.488155042500992,2023-02-28,Dublin
2021-06-29,18.817978410991408,11.478810125904362,2023-03-01,Dublin
2021-06-30,19.33299053905024,19.702486305509378,2023-03-02,Dublin
2021-07-01,13.059340766384958,29.884274184661514,2023-03-03,Dublin
2021-07-02,18.546136964760834,22.162975695921,2023-03-04,Dublin
2021-07-03,15.756056595467827,21.137962682549563,2023-03-05,Dublin
2021-07-04,12.990340961522895,20.655751967792227,2023-03-06,Dublin
2021-07-05,18.95424040176281,20.197102773642428,2023-03-07,Dublin
2021-07-06,15.123347763343766,18.477163273567488,2023-03-08,Dublin
2021-07-07,6.185715379180107,10.149814113472273,2023-03-09,Dublin
2021-07-08,7.732589887187062,19.3596673938394,2023-03-10,Dublin
2021-07-09,5.837204210724039,27.53486993249911,2023-03-11,Dublin
2021-07-10,13.772201295675503,27.5454145703933,2023-03-12,Dublin
2021-07-11,10.423968868680051,17.80812762477911,2023-03-13,Dublin
2021-07-12,19.590655874900108,26.318037281894608,2023-03-14,Dublin
2021-07-13,15.234710837391157,26.337158912304826,2023-03-15,Dublin
2021-07-14,8.71838943888106,11.518738420847697,2023-03-16,Dublin
2021-07-15,14.564217879970759,11.389824665502983,2023-03-17,Dublin
2021-07-16,19.12078270366154,29.051270069065115,2023-03-18,Dublin
2021-07-17,9.005148875127915,29.715163561501345,2023-03-19,Dublin
2021-07-18,5.616034308241182,21.416400037776185,2023-03-20,Dublin
2021-07-19,10.330296030645403,18.43667941255898,2023-03-21,Dublin
2021-07-20,17.46935317403267,16.260105495823332,2023-03-22,Dublin
2021-07-21,15.894178943766581,15.723358694683242,2023-03-23,Dublin
2021-07-22,15.63030917674273,18.808987699624257,2023-03-24,Dublin
2021-07-23,15.149987712204698,28.583875768540082,2023-03-25,Dublin
2021-07-24,18.912869869873347,16.772928504574537,2023-03-26,Dublin
2021-07-25,6.72461245933866,14.70523346967654,2023-03-27,Dublin
2021-07-26,16.347941726178416,27.331953774689694,2023-03-28,Dublin
2021-07-27,8.66091860074698,24.619364671536214,2023-03-29,Dublin
2021-07-28,10.7909015645932,13.427470151780499,2023-03-30,Dublin
2021-07-29,10.007264568064842,26.204139354051097,2023-03-31,Dublin
2021-07-30,16.947121869339497,21.619777687417333,2023-04-01,Dublin
2021-07-31,16.077117734356474,29.718794624646346,2023-04-02,Dublin
2021-08-01,7.29074735043471,26.09545298275772,2023-04-03,Dublin
2021-08-02,7.16516987540264,14.098026491715633,2023-04-04,Dublin
2021-08-03,5.219522439902074,26.069406575800365,2023-04-05,Dublin
2021-08-04,6.7828945770965365,18.122497665201443,2023-04-06,Dublin
2021-08-05,9.051945560511772,13.692170135721707,2023-04-07,Dublin
2021-08-06,17.821064770304144,10.63567644835507,2023-04-08,Dublin
2021-08-07,18.852100915618458,19.18390846747222,2023-04-09,Dublin
2021-08-08,12.78386983170954,18.95015625205444,2023-04-10,Dublin
2021-08-09,10.019029726346043,18.066290574193097,2023-04-11,Dublin
2021-08-10,6.313954339679462,18.78594958094893,2023-04-12,Dublin
2021-08-11,8.467630409826999,20.985876871613502,2023-04-13,Dublin
2021-08-12,12.711102464060282,25.489783031253836,2023-04-14,Dublin
2021-08-13,14.853043237952589,19.301077692316497,2023-04-15,Dublin
2021-08-14,18.206792885945823,21.98499915762143,2023-04-16,Dublin
2021-08-15,7.364070090380717,28.676590095553212,2023-04-17,Dublin
2021-08-16,10.393783416952465,23.766136989959573,2023-04-18,Dublin
2021-08-17,8.19693179511874,24.327274157750047,2023-04-19,Dublin
2021-08-18,14.839799123939578,16.978396010276676,2023-04-20,Dublin
2021-08-19,8.428412671039602,25.72714019877411,2023-04-21,Dublin
2021-08-20,10.39361654354272,18.28994022430457,2023-04-22,Dublin
2021-08-21,17.369395243174047,24.39739197725311,2023-04-23,Dublin
2021-08-22,14.289812902990157,21.823295708114397,2023-04-24,Dublin
2021-08-23,13.438867120711722,10.112788108815373,2023-04-25,Dublin
2021-08-24,9.012406955062902,16.252234913576423,2023-04-26,Dublin
2021-08-25,9.592848260788825,15.392410023102538,2023-04-27,Dublin
2021-08-26,8.207104063057448,27.17126992485905,2023-04-28,Dublin
2021-08-27,8.316930865189262,24.649045099155312,2023-04-29,Dublin
2021-08-28,9.991497102690612,11.475162801282664,2023-04-30,Dublin
2021-08-29,6.355529586368009,14.781581383857198,2023-05-01,Dublin
2021-08-30,5.59752301745178,16.518045339674398,2023-05-02,Dublin
2021-08-31,8.040981811737263,21.976390453755116,2023-05-03,Dublin
2021-09-01,13.794003081172496,26.140968187060597,2023-05-04,Dublin
2021-09-02,5.5588996222813645,15.298359204843843,2023-05-05,Dublin
2021-09-03,15.640934583998046,11.013016982807187,2023-05-06,Dublin
2021-09-04,11.441359942422832,27.98090723966807,2023-05-07,Dublin
2021-09-05,18.79810127199491,16.438752622937475,2023-05-08,Dublin
2021-09-06,13.207232110750104,16.366935996174426,2023-05-09,Dublin
2021-09-07,15.648660231476438,26.98785649632981,2023-05-10,Dublin
2021-09-08,7.776605186690645,13.588292060068031,2023-05-11,Dublin
2021-09-09,11.014978385656166,20.72329413881697,2023-05-12,Dublin
2021-09-10,19.743685625812223,18.682007373084552,2023-05-13,Dublin
2021-09-11,6.956408545263234,15.922810334522842,2023-05-14,Dublin
2021-09-12,10.187229653621168,19.842956724106543,2023-05-15,Dublin
2021-09-13,5.343656994438017,10.147364049066152,2023-05-16,Dublin
2021-09-14,5.725639358708323,23.070071581249366,2023-05-17,Dublin
2021-09-15,13.608488139410753,23.21958088545729,2023-05-18,Dublin
2021-09-16,14.982180016825987,16.86344482619826,2023-05-19,Dublin
2021-09-17,8.98573560922991,17.31785721186684,2023-05-20,Dublin
2021-09-18,11.06603098162817,18.4804271285448,2023-05-21,Dublin
2021-09-19,10.00586225386703,19.824363064713918,2023-05-22,Dublin
2021-09-20,15.91188055858836,15.487362446171993,2023-05-23,Dublin
2021-09-21,6.587837721772959,14.991707863649385,2023-05-24,Dublin
2021-09-22,12.141818448050135,13.043334933574325,2023-05-25,Dublin
2021-09-23,5.959794743277211,24.563626899469124,2023-05-26,Dublin
2021-09-24,12.274497298433655,12.526734168266687,2023-05-27,Dublin
2021-09-25,6.054963828187948,13.736853095355253,2023-05-28,Dublin
2021-09-26,6.3287981723420925,21.202558707827965,2023-05-29,Dublin
2021-09-27,15.948778974554655,27.57479499844803,2023-05-30,Dublin
2021-09-28,9.10893809633588,23.037829591778873,2023-05-31,Dublin
2021-09-29,16.437194236480657,17.15064366186742,2023-06-01,Dublin
2021-09-30,8.68569138805834,12.470318699026464,2023-06-02,Dublin
2021-10-01,13.908769270552627,13.810290332011101,2023-06-03,Dublin
2021-10-02,17.660342508776353,14.196063430305463,2023-06-04,Dublin
2021-10-03,5.136402114508291,26.542739850357858,2023-06-05,Dublin
2021-10-04,9.085638082223086,22.47577489413527,2023-06-06,Dublin
2021-10-05,16.566814378367337,16.483081912324423,2023-06-07,Dublin
2021-10-06,13.57179117929398,16.101463288836833,2023-06-08,Dublin
2021-10-07,17.537310934519937,11.987327782702852,2023-06-09,Dublin
2021-10-08,13.698400436868651,23.44339559334233,2023-06-10,Dublin
2021-10-09,10.232364127847035,12.129232884323368,2023-06-11,Dublin
2021-10-10,12.689643537853023,21.433256889258473,2023-06-12,Dublin
2021-10-11,18.807427674621522,19.13558788148324,2023-06-13,Dublin
2021-10-12,12.639791453362786,17.810388319073734,2023-06-14,Dublin
2021-10-13,7.7349391040224145,19.635462585108126,2023-06-15,Dublin
2021-10-14,6.420331596918202,24.847478239898283,2023-06-16,Dublin
2021-10-15,15.792130315597069,26.01924208748452,2023-06-17,Dublin
2021-10-16,5.33298180025975,12.031291263458051,2023-06-18,Dublin
2021-10-17,18.756750459100207,24.232533822783633,2023-06-19,Dublin
2021-10-18,16.00481013643726,13.121100371057434,2023-06-20,Dublin
2021-10-19,18.357513697440886,26.41743324294637,2023-06-21,Dublin
2021-10-20,11.93666437596423,23.80384550131818,2023-06-22,Dublin
2021-10-21,5.104138059904682,21.429316034072055,2023-06-23,Dublin
2021-10-22,18.67350290830321,23.982677004324525,2023-06-24,Dublin
2021-10-23,12.146999843917516,16.00410823370325,2023-06-25,Dublin
2021-10-24,12.858894593449858,18.212726262339952,2023-06-26,Dublin
2021-10-25,5.14491795840623,15.76984280891474,2023-06-27,Dublin
2021-10-26,7.3830551791368935,10.358258622805534,2023-06-28,Dublin
2021-10-27,6.000043655986571,22.28785031057003,2023-06-29,Dublin
2021-10-28,15.345023013929044,19.26462056909646,2023-06-30,Dublin
2021-10-29,10.583209425730606,20.146603554931545,2023-07-01,Dublin
2021-10-30,14.649269703764938,25.380038613170367,2023-07-02,Dublin
2021-10-31,9.706665117481899,23.97621972611369,2023-07-03,Dublin
2021-11-01,18.156609366076246,11.675779966523052,2023-07-04,Dublin
2021-11-02,18.059288295614166,22.186841530220757,2023-07-05,Dublin
2021-11-03,8.03744271194413,14.836157042897506,2023-07-06,Dublin
2021-11-04,11.807914415804266,19.296935930339853,2023-07-07,Dublin
2021-11-05,8.335345942458538,15.417696858764039,2023-07-08,Dublin
2021-11-06,17.587405253142222,19.328231653083805,2023-07-09,Dublin
2021-11-07,6.684104364622823,29.495986161583772,2023-07-10,Dublin
2021-11-08,15.922908316349556,17.497049506553452,2023-07-11,Dublin
2021-11-09,12.055122357443473,12.369165888978507,2023-07-12,Dublin
2021-11-10,13.13250730773112,19.80552626013484,2023-07-13,Dublin
2021-11-11,5.9257035094845225,18.731636122740632,2023-07-14,Dublin
2021-11-12,17.182337205841847,22.76815121056962,2023-07-15,Dublin
2021-11-13,19.12018789744842,11.472830692709497,2023-07-16,Dublin
2021-11-14,18.143420394656047,15.564216893265595,2023-07-17,Dublin
2021-11-15,14.654162005544752,23.244023248919955,2023-07-18,Dublin
2021-11-16,14.047736945186749,29.069863607553593,2023-07-19,Dublin
2021-11-17,14.905457458534123,24.800076412638415,2023-07-20,Dublin
2021-11-18,11.050871482874404,18.84051349597479,2023-07-21,Dublin
2021-11-19,15.615095476108605,21.33747595711698,2023-07-22,Dublin
2021-11-20,19.913258749547044,12.279088835354663,2023-07-23,Dublin
2021-11-21,19.521088660266656,29.11030708321382,2023-07-24,Dublin
2021-11-22,5.693922561882069,21.258775912779562,2023-07-25,Dublin
2021-11-23,6.79739193138949,18.89286725116811,2023-07-26,Dublin
2021-11-24,6.17055766645673,23.20190853432247,2023-07-27,Dublin
2021-11-25,8.406183168877044,12.65059791211213,2023-07-28,Dublin
2021-11-26,19.077410136110355,20.936455970689735,2023-07-29,Dublin
2021-11-27,16.318396302098755,12.37548143541601,2023-07-30,Dublin
2021-11-28,11.277566784448945,28.55406270886335,2023-07-31,Dublin
2021-11-29,10.651881874348527,20.323868300187705,2023-08-01,Dublin
2021-11-30,17.323938366667573,23.267501549019357,2023-08-02,Dublin
2021-12-01,16.85486229830791,12.34239416054872,2023-08-03,Dublin
2021-12-02,8.160172447699928,10.165686765283212,2023-08-04,Dublin
2021-12-03,18.819623080515587,18.979611128692234,2023-08-05,Dublin
2021-12-04,6.291377729370408,25.38191313751186,2023-08-06,Dublin
2021-12-05,16.665302055273756,20.24320833100934,2023-08-07,Dublin
2021-12-06,15.406505798353567,10.513664225036939,2023-08-08,Dublin
2021-12-07,10.811480342959904,19.823688098135055,2023-08-09,Dublin
2021-12-08,9.111784995696212,23.841709953003118,2023-08-10,Dublin
2021-12-09,19.236813782834563,11.982270320816685,2023-08-11,Dublin
2021-12-10,18.2203031883344,28.07182138731362,2023-08-12,Dublin
2021-12-11,14.52137484968088,23.467552037456322,2023-08-13,Dublin
2021-12-12,16.05271196603433,16.353350154810478,2023-08-14,Dublin
2021-12-13,15.157214769786023,18.359231151634013,2023-08-15,Dublin
2021-12-14,19.982941225943744,13.186595127986978,2023-08-16,Dublin
2021-12-15,11.208521544460137,29.55667231384991,2023-08-17,Dublin
2021-12-16,19.91668333185786,20.544764214870256,2023-08-18,Dublin
2021-12-17,13.41057017337599,19.489071283172205,2023-08-19,Dublin
2021-12-18,9.346848849732124,24.65283644895997,2023-08-20,Dublin
2021-12-19,19.76272387290694,10.361304987220212,2023-08-21,Dublin
2021-12-20,10.59297648250067,25.19175631662164,2023-08-22,Dublin
2021-12-21,12.345932723405829,16.80326162274399,2023-08-23,Dublin
2021-12-22,14.370140320056397,12.604823458080256,2023-08-24,Dublin
2021-12-23,18.27662090491274,24.751040861438934,2023-08-25,Dublin
2021-12-24,5.650785942867737,26.23136738199951,2023-08-26,Dublin
2021-12-25,15.81723432228752,28.135701706618917,2023-08-27,Dublin
2021-12-26,11.121982004257596,13.130644605424191,2023-08-28,Dublin
2021-12-27,19.75804029002204,16.001962936309866,2023-08-29,Dublin
2021-12-28,11.33849578245535,13.215186385003765,2023-08-30,Dublin
2021-12-29,14.740047630764,10.177763516690362,2023-08-31,Dublin
2021-12-30,16.39766234819896,22.296623349366147,2023-09-01,Dublin
2021-12-31,12.4672156533675,21.03818672228078,2023-09-02,Dublin
2022-01-01,15.673621149021036,15.509339354952116,2023-09-03,Dublin
2022-01-02,18.80086457713861,17.660762550397596,2023-09-04,Dublin
2022-01-03,12.530286611063088,25.4246927901421,2023-09-05,Dublin
2022-01-04,16.18076938088823,27.81012231089377,2023-09-06,Dublin
2022-01-05,18.33539234320778,23.9418036767042,2023-09-07,Dublin
2022-01-06,6.467852312484121,19.444546836067154,2023-09-08,Dublin
2022-01-07,19.63478443810554,12.167466626289672,2023-09-09,Dublin
2022-01-08,11.593692993936298,29.216737586057647,2023-09-10,Dublin
2022-01-09,13.231749730556754,14.041687690609733,2023-09-11,Dublin
2022-01-10,11.056029925221118,18.44366740842406,2023-09-12,Dublin
2022-01-11,9.97964368314145,19.70861067915405,2023-09-13,Dublin
2022-01-12,13.952816986708436,10.946097388979293,2023-09-14,Dublin
2022-01-13,11.432544545479498,27.95287667287116,2023-09-15,Dublin
2022-01-14,9.651155435024513,23.78091758035996,2023-09-16,Dublin
2022-01-15,11.740905541808544,28.57201252232769,2023-09-17,Dublin
2022-01-16,12.735363910739329,16.112132812248152,2023-09-18,Dublin
2022-01-17,15.397457632236243,16.05044767166084,2023-09-19,Dublin
2022-01-18,14.069037705770668,16.958515272686316,2023-09-20,Dublin
2022-01-19,15.42005059496519,11.359332617180618,2023-09-21,Dublin
2022-01-20,15.86742808889794,27.025117823305017,2023-09-22,Dublin
2022-01-21,7.097868234958654,25.232700665596933,2023-09-23,Dublin
2022-01-22,13.26895600938938,12.956759765560514,2023-09-24,Dublin
2022-01-23,18.104642192985665,22.81552818272313,2023-09-25,Dublin
2022-01-24,13.880320838490519,21.264378418240856,2023-09-26,Dublin
2022-01-25,14.004599072109794,17.705625483860302,2023-09-27,Dublin
2022-01-26,13.438097783334001,28.11413831297315,2023-09-28,Dublin
2022-01-27,17.194044336100834,20.96078913939424,2023-09-29,Dublin
2022-01-28,5.248978845978663,11.384612626285557,2023-09-30,Dublin
2022-01-29,13.28833162055062,16.883764592067934,2023-10-01,Dublin
2022-01-30,12.497510455685953,29.543199721712085,2023-10-02,Dublin
2022-01-31,13.990968963085114,21.549741772211025,2023-10-03,Dublin
2022-02-01,15.35846050753813,10.941063995409595,2023-10-04,Dublin
2022-02-02,9.712608478827736,19.758889184979108,2023-10-05,Dublin
2022-02-03,11.414837717788368,29.28700825294302,2023-10-06,Dublin
2022-02-04,16.72820600189374,26.02702151042241,2023-10-07,Dublin
2022-02-05,6.057242278020791,22.863042754407697,2023-10-08,Dublin
2022-02-06,10.40271097627253,29.533090576845524,2023-10-09,Dublin
2022-02-07,18.07118695454035,12.639191337281765,2023-10-10,Dublin
2022-02-08,10.89458177041715,16.97286610843326,2023-10-11,Dublin
2022-02-09,9.151034942492723,11.865462207755046,2023-10-12,Dublin
2022-02-10,19.929656959648124,12.887467382364612,2023-10-13,Dublin
2022-02-11,17.762660231107205,13.058599630455646,2023-10-14,Dublin
2022-02-12,5.949919951984253,14.375568285478213,2023-10-15,Dublin
2022-02-13,15.10572640194461,13.287325913461105,2023-10-16,Dublin
2022-02-14,10.863180414257794,22.006891512574885,2023-10-17,Dublin
2022-02-15,15.193658628215486,27.152047453396168,2023-10-18,Dublin
2022-02-16,17.847289385713665,10.555851364848682,2023-10-19,Dublin
2022-02-17,16.10027613652556,23.548896155817594,2023-10-20,Dublin
2022-02-18,13.049748550751783,16.481135576635623,2023-10-21,Dublin
2022-02-19,9.073184832871442,24.113136368337983,2023-10-22,Dublin
2022-02-20,8.051373699852796,24.487182917169733,2023-10-23,Dublin
2022-02-21,19.127422249290678,18.319408450179544,2023-10-24,Dublin
2022-02-22,12.606359282931232,10.929045233034472,2023-10-25,Dublin
2022-02-23,16.05002798736306,27.636274527350018,2023-10-26,Dublin
2022-02-24,16.104626137480746,27.18497608680616,2023-10-27,Dublin
2022-02-25,18.151442036119473,25.101335097867125,2023-10-28,Dublin
2022-02-26,8.8906497493034,17.35300230415983,2023-10-29,Dublin
2022-02-27,11.406448889652774,19.348201711703116,2023-10-30,Dublin
2022-02-28,15.940345626549407,15.558059127336927,2023-10-31,Dublin
2022-03-01,7.026959831139392,11.966083550538016,2023-11-01,Dublin
2022-03-02,12.300467010546033,24.726176383836012,2023-11-02,Dublin
2022-03-03,13.985511204575277,18.742224114733865,2023-11-03,Dublin
2022-03-04,10.561430861051795,16.900205446647412,2023-11-04,Dublin
2022-03-05,9.87754383963045,24.63973688098839,2023-11-05,Dublin
2022-03-06,6.186959629980114,20.111587438858823,2023-11-06,Dublin
2022-03-07,15.481074296877864,20.56615948955214,2023-11-07,Dublin
2022-03-08,7.577896890872463,17.522925576863667,2023-11-08,Dublin
2022-03-09,5.495670107180813,14.695872619423211,2023-11-09,Dublin
2022-03-10,7.879124378639241,13.445483691786862,2023-11-10,Dublin
2022-03-11,18.409521650525704,23.504835376072567,2023-11-11,Dublin
2022-03-12,9.267696897552593,21.32755208749621,2023-11-12,Dublin
2022-03-13,16.788242501750222,13.647951475423328,2023-11-13,Dublin
2022-03-14,14.335718561147527,28.31238148482388,2023-11-14,Dublin
2022-03-15,5.690852094918029,20.40147351971744,2023-11-15,Dublin
2022-03-16,11.884289455941722,26.81682610038715,2023-11-16,Dublin
2022-03-17,16.77309225369188,22.597719212945204,2023-11-17,Dublin
2022-03-18,16.896375056213703,25.30065884207363,2023-11-18,Dublin
2022-03-19,16.198599620609397,18.29050557259317,2023-11-19,Dublin
2022-03-20,17.554401340833625,26.523254880275722,2023-11-20,Dublin
2022-03-21,15.55185588179169,25.58825162100365,2023-11-21,Dublin
2022-03-22,12.616836672666883,19.93915904904252,2023-11-22,Dublin
2022-03-23,15.431120653213057,23.015446687812226,2023-11-23,Dublin
2022-03-24,10.14172970161612,13.449641662156145,2023-11-24,Dublin
2022-03-25,15.932157812129562,23.909154038903566,2023-11-25,Dublin
2022-03-26,8.476503220004375,24.746633708060184,2023-11-26,Dublin
2022-03-27,12.704936118912165,27.094760662916027,2023-11-27,Dublin
2022-03-28,19.223848598039904,24.63450339220621,2023-11-28,Dublin
2022-03-29,11.631244826767599,17.384197405834357,2023-11-29,Dublin
2022-03-30,18.43500544564478,25.087831613961367,2023-11-30,Dublin
2022-03-31,6.248276977966436,19.741250594559915,2023-12-01,Dublin
2022-04-01,12.578562738847573,21.798990611018056,2023-12-02,Dublin
2022-04-02,7.9563971722921885,24.772979867128146,2023-12-03,Dublin
2022-04-03,19.533130201987802,27.783992423272817,2023-12-04,Dublin
2022-04-04,5.617125515927745,23.500147200202303,2023-12-05,Dublin
2022-04-05,15.443040279237438,27.14141194107578,2023-12-06,Dublin
2022-04-06,6.721490112223894,12.714330486881092,2023-12-07,Dublin
2022-04-07,5.840978151244144,14.050889875794603,2023-12-08,Dublin
2022-04-08,10.008786974635958,27.951832911856663,2023-12-09,Dublin
2022-04-09,15.029331328170326,23.08361528026101,2023-12-10,Dublin
2022-04-10,13.728302235560793,21.297371960168658,2023-12-11,Dublin
2022-04-11,9.297455331788479,28.018353921330153,2023-12-12,Dublin
2022-04-12,19.938465127773963,11.791212933268671,2023-12-13,Dublin
2022-04-13,19.484206237373837,25.357638135307678,2023-12-14,Dublin
2022-04-14,10.173605442747933,25.877294263485524,2023-12-15,Dublin
2022-04-15,14.371581255554359,13.486155007084626,2023-12-16,Dublin
2022-04-16,8.524030019409038,27.23108027656117,2023-12-17,Dublin
2022-04-17,17.73765600674137,22.654202379219225,2023-12-18,Dublin
2022-04-18,11.41894965506452,12.512684014618056,2023-12-19,Dublin
2022-04-19,12.1960975451678,15.92529531921614,2023-12-20,Dublin
2022-04-20,10.032312769837532,26.691515487507868,2023-12-21,Dublin
2022-04-21,5.490889012099684,15.973905210084931,2023-12-22,Dublin
2022-04-22,15.032561825250399,29.759748842682615,2023-12-23,Dublin
2022-04-23,5.320177105395929,16.55850762600923,2023-12-24,Dublin
2022-04-24,6.38005245051056,27.022794943908078,2023-12-25,Dublin
2022-04-25,16.233407406109134,15.628279252530792,2023-12-26,Dublin
2022-04-26,16.652304469304212,11.901494210615546,2023-12-27,Dublin
2022-04-27,5.549596592237708,29.675234103636196,2023-12-28,Dublin
2022-04-28,9.631950938021967,12.354882770295223,2023-12-29,Dublin
2022-04-29,7.225158742900991,12.925928657719851,2023-12-30,Dublin
2022-04-30,18.070621639898697,18.672222153975376,2023-12-31,Dublin
2022-05-01,18.283068005879766,18.362139809239427,2024-01-01,Dublin
2022-05-02,7.667719077908247,20.12946473580159,2024-01-02,Dublin
2022-05-03,6.286825092521136,12.810778856723902,2024-01-03,Dublin
2022-05-04,19.403911136748622,16.682996051632053,2024-01-04,Dublin
2022-05-05,10.492305057757111,16.12581189485949,2024-01-05,Dublin
2022-05-06,14.760141207680611,23.661046926173082,2024-01-06,Dublin
2022-05-07,18.87042867144996,18.452666960940366,2024-01-07,Dublin
2022-05-08,16.11271544689452,18.707293905135447,2024-01-08,Dublin
2022-05-09,5.203537736333531,27.987774659141714,2024-01-09,Dublin
2022-05-10,19.791793071551847,28.946373298190412,2024-01-10,Dublin
2022-05-11,11.24571762601527,17.070161814580985,2024-01-11,Dublin
2022-05-12,15.227926378006769,10.955527888445921,2024-01-12,Dublin
2022-05-13,14.28243176437733,11.762448375909173,2024-01-13,Dublin
2022-05-14,7.454476385504147,12.75931222640039,2024-01-14,Dublin
2022-05-15,17.983479948625956,25.922552030781837,2024-01-15,Dublin
2022-05-16,10.691554651292142,16.07656933362399,2024-01-16,Dublin
2022-05-17,16.32299698202785,13.92159062346408,2024-01-17,Dublin
2022-05-18,5.1688270728793,26.633507112598867,2024-01-18,Dublin
2022-05-19,8.745455990508104,20.416106539476917,2024-01-19,Dublin
2022-05-20,8.588621567274943,13.042418563405779,2024-01-20,Dublin
2022-05-21,8.107296107842835,20.905448000868464,2024-01-21,Dublin
2022-05-22,16.256739208998784,16.66854140680978,2024-01-22,Dublin
2022-05-23,7.949048540599425,18.590960354054438,2024-01-23,Dublin
2022-05-24,8.225639621008172,13.235895538672684,2024-01-24,Dublin
2022-05-25,8.026185211953566,24.18783713563944,2024-01-25,Dublin
2022-05-26,12.615232759498776,23.162649370556252,2024-01-26,Dublin
2022-05-27,18.1621475843378,10.026369351438335,2024-01-27,Dublin
2022-05-28,8.322759169815239,21.48721311828715,2024-01-28,Dublin
2022-05-29,17.945019477066854,21.102364223654963,2024-01-29,Dublin
2022-05-30,16.82991545535058,10.098403682458269,2024-01-30,Dublin
2022-05-31,8.464749895712957,11.525070782675972,2024-01-31,Dublin
2022-06-01,7.825181038843195,14.099376813959935,2024-02-01,Dublin
2022-06-02,17.881911031277127,26.634179940857845,2024-02-02,Dublin
2022-06-03,11.653554478135579,27.532318809545817,2024-02-03,Dublin
2022-06-04,18.361803658084348,16.5511926992048,2024-02-04,Dublin
2022-06-05,18.554267696341007,20.65152434629259,2024-02-05,Dublin
2022-06-06,17.15764031572995,10.50570592570329,2024-02-06,Dublin
2022-06-07,16.8708032988965,19.297942011966608,2024-02-07,Dublin
2022-06-08,6.720217521177679,18.666380728630728,2024-02-08,Dublin
2022-06-09,13.711182396984317,11.498346185122529,2024-02-09,Dublin
2022-06-10,19.51737619810235,20.279475964127688,2024-02-10,Dublin
2022-06-11,16.631023783157662,26.275075228140786,2024-02-11,Dublin
2022-06-12,11.108761016593547,21.47065312638863,2024-02-12,Dublin
2022-06-13,13.423274867186482,19.848043042073005,2024-02-13,Dublin
2022-06-14,19.354924793609715,12.484679935283477,2024-02-14,Dublin
2022-06-15,15.776921147660072,19.172842342341337,2024-02-15,Dublin
2022-06-16,12.341515106077082,16.51482592542398,2024-02-16,Dublin
2022-06-17,17.70150446776359,13.011848860204786,2024-02-17,Dublin
2022-06-18,8.268637795789584,15.034527929179767,2024-02-18,Dublin
2022-06-19,19.69911378483702,11.558031732015534,2024-02-19,Dublin
2022-06-20,19.85159943513241,15.866207808665065,2024-02-20,Dublin
2022-06-21,12.121834956077993,17.55117945574543,2024-02-21,Dublin
2022-06-22,14.154024925379524,18.02186616728279,2024-02-22,Dublin
2022-06-23,17.17923070030928,13.86034662102237,2024-02-23,Dublin
2022-06-24,18.720474679240656,29.25852541151286,2024-02-24,Dublin
2022-06-25,7.916189286086396,29.68844374446703,2024-02-25,Dublin
2022-06-26,15.602086643939318,11.275372778154013,2024-02-26,Dublin
2022-06-27,17.874706553295326,18.872068669116118,2024-02-27,Dublin
2022-06-28,6.835716343033164,13.16383017778185,2024-02-28,Dublin
2022-06-29,7.033998840134502,26.704033367540447,2024-02-29,Dublin
2022-06-30,18.942127213024,16.685255814797554,2024-03-01,Dublin
2022-07-01,7.200155883670082,24.719121238969617,2024-03-02,Dublin
2022-07-02,6.582397732960649,18.68477845517277,2024-03-03,Dublin
2022-07-03,7.2446657333393265,26.041330388591046,2024-03-04,Dublin
2022-07-04,7.328299719203995,16.663104030028116,2024-03-05,Dublin
2022-07-05,14.20745861412387,14.879713461338886,2024-03-06,Dublin
2022-07-06,12.102914613866407,13.978453133999158,2024-03-07,Dublin
2022-07-07,19.853736782386004,24.683562622800295,2024-03-08,Dublin
2022-07-08,11.183919172691022,20.626914348468148,2024-03-09,Dublin
2022-07-09,16.06820797696375,27.91973013635831,2024-03-10,Dublin
2022-07-10,15.620559158645689,23.17423101040951,2024-03-11,Dublin
2022-07-11,16.909359540443422,27.196588146185515,2024-03-12,Dublin
2022-07-12,17.455319137277264,28.556424505284287,2024-03-13,Dublin
2022-07-13,8.785374396787251,15.224015260795678,2024-03-14,Dublin
2022-07-14,15.348390464259133,29.293055832199283,2024-03-15,Dublin
2022-07-15,6.325895324033746,10.95563868412436,2024-03-16,Dublin
2022-07-16,5.244537720294135,24.08730028665251,2024-03-17,Dublin
2022-07-17,16.71735955511553,14.460466010619598,2024-03-18,Dublin
2022-07-18,18.11971800155533,20.14968519147351,2024-03-19,Dublin
2022-07-19,16.319418692075487,24.11251607069929,2024-03-20,Dublin
2022-07-20,6.052266187494692,10.300453777023225,2024-03-21,Dublin
2022-07-21,13.995568371869,26.71410669026965,2024-03-22,Dublin
2022-07-22,8.067670635921335,13.528946429197092,2024-03-23,Dublin
2022-07-23,7.147547874633796,18.342421000224768,2024-03-24,Dublin
2022-07-24,15.745312554286576,29.997275532908528,2024-03-25,Dublin
2022-07-25,19.49245406521675,21.939972288148386,2024-03-26,Dublin
2022-07-26,13.94047009690214,10.715044930435022,2024-03-27,Dublin
2022-07-27,5.6554279212895855,26.184856982452132,2024-03-28,Dublin
2022-07-28,8.889960328556146,12.857053500558646,2024-03-29,Dublin
2022-07-29,13.166244542659108,14.093193238045316,2024-03-30,Dublin
2022-07-30,15.092704998794911,19.66317180371153,2024-03-31,Dublin
2022-07-31,15.802886895123887,19.091453141465742,2024-04-01,Dublin
2022-08-01,18.24825398995025,19.69138209841943,2024-04-02,Dublin
2022-08-02,14.21670174829067,12.201867150092987,2024-04-03,Dublin
2022-08-03,9.04438757694417,27.57333109437236,2024-04-04,Dublin
2022-08-04,6.9741908029673665,26.814561747188495,2024-04-05,Dublin
2022-08-05,7.217026511101998,22.21393568829377,2024-04-06,Dublin
2022-08-06,11.402382476028452,28.296211174602135,2024-04-07,Dublin
2022-08-07,10.621834769588519,24.12597360871677,2024-04-08,Dublin
2022-08-08,15.964307456944072,22.489073230174476,2024-04-09,Dublin
2022-08-09,16.766803285963775,18.641660366176133,2024-04-10,Dublin
2022-08-10,9.5282140312457,17.94604536529905,2024-04-11,Dublin
2022-08-11,10.646022386079991,22.615403345566826,2024-04-12,Dublin
2022-08-12,8.630552828274398,27.03085827075755,2024-04-13,Dublin
2022-08-13,9.143574511720267,13.41334347401145,2024-04-14,Dublin
2022-08-14,9.03638262284661,25.72352024397243,2024-04-15,Dublin
2022-08-15,14.161198463886628,12.104997490105,2024-04-16,Dublin
2022-08-16,9.514826085537372,28.003089981688827,2024-04-17,Dublin
2022-08-17,9.246464789316837,28.786598019664133,2024-04-18,Dublin
2022-08-18,18.984949028350485,15.23469202266817,2024-04-19,Dublin
2022-08-19,7.913737108779271,12.004114007938787,2024-04-20,Dublin
2022-08-20,9.99362344807947,22.590968454524734,2024-04-21,Dublin
2022-08-21,9.185864405866829,26.934788399648852,2024-04-22,Dublin
2022-08-22,7.829991034564311,16.011323887157044,2024-04-23,Dublin
2022-08-23,13.800482638551223,17.97114104070951,2024-04-24,Dublin
2022-08-24,5.78624945234527,18.195910880853404,2024-04-25,Dublin
2022-08-25,19.36187622308991,18.16441610390495,2024-04-26,Dublin
2022-08-26,16.11922571621999,29.03823411906375,2024-04-27,Dublin
2022-08-27,16.956016918386602,21.251852550850195,2024-04-28,Dublin
2022-08-28,9.23112840558314,27.718095602188374,2024-04-29,Dublin
2022-08-29,16.16060119301184,27.42850045324877,2024-04-30,Dublin
2022-08-30,14.956791231139896,14.883749637427673,2024-05-01,Dublin
2022-08-31,18.49703402646361,25.336595411388096,2024-05-02,Dublin
2022-09-01,9.58405040054151,24.100051449838745,2024-05-03,Dublin
2022-09-02,10.76271050182415,29.613923032315913,2024-05-04,Dublin
2022-09-03,16.777380765644203,25.618729034991816,2024-05-05,Dublin
2022-09-04,8.011224105179261,27.20288423903489,2024-05-06,Dublin
2022-09-05,13.390055519058087,19.606589305243762,2024-05-07,Dublin
2022-09-06,7.313455465549087,22.373831395056627,2024-05-08,Dublin
2022-09-07,9.185785535129714,27.85817309011431,2024-05-09,Dublin
2022-09-08,11.380619345755184,23.159421337507776,2024-05-10,Dublin
2022-09-09,11.019092059061386,17.2351996350473,2024-05-11,Dublin
2022-09-10,5.64980000184086,27.732058116490123,2024-05-12,Dublin
2022-09-11,17.690291503486186,11.382621916523394,2024-05-13,Dublin
2022-09-12,5.317715652444298,21.9120306468769,2024-05-14,Dublin
2022-09-13,13.361884219391614,25.907061031877156,2024-05-15,Dublin
2022-09-14,17.885457932704742,19.33101831135383,2024-05-16,Dublin
2022-09-15,16.920847014299245,28.55386197211802,2024-05-17,Dublin
2022-09-16,10.647826421696887,12.147533540508723,2024-05-18,Dublin
2022-09-17,14.523750436883244,24.89776569190818,2024-05-19,Dublin
2022-09-18,5.369289212985359,25.43927806733234,2024-05-20,Dublin
2022-09-19,17.596984741393957,22.829139958387056,2024-05-21,Dublin
2022-09-20,9.737076519822372,13.210978548383581,2024-05-22,Dublin
2022-09-21,15.325532274797366,14.879158542628609,2024-05-23,Dublin
2022-09-22,6.5594758281417285,26.353508028727326,2024-05-24,Dublin
2022-09-23,7.643927059805204,18.622708829927607,2024-05-25,Dublin
2022-09-24,5.557308889912352,27.242502260948054,2024-05-26,Dublin
2022-09-25,9.17762588647594,17.856795251972567,2024-05-27,Dublin
2022-09-26,15.808883452385912,16.466239608706633,2024-05-28,Dublin
2022-09-27,10.730771488840514,12.537532327081582,2024-05-29,Dublin
2022-09-28,11.126807641450615,22.739428538472456,2024-05-30,Dublin
2022-09-29,9.991550951766264,19.771120661589396,2024-05-31,Dublin
2022-09-30,5.892654966959686,15.618706985645987,2024-06-01,Dublin
2022-10-01,11.041478588690115,17.125003781856197,2024-06-02,Dublin
2022-10-02,16.867023356499725,14.330977736828373,2024-06-03,Dublin
2022-10-03,13.144454602635207,27.61470423499363,2024-06-04,Dublin
2022-10-04,5.202779837935885,18.767774071710775,2024-06-05,Dublin
2022-10-05,7.65938130243883,14.059269507231305,2024-06-06,Dublin
2022-10-06,14.27871461005338,27.382182329103397,2024-06-07,Dublin
2022-10-07,11.931166926758685,28.18702160356792,2024-06-08,Dublin
2022-10-08,7.828464491091777,26.57927188744306,2024-06-09,Dublin
2022-10-09,5.603040880250921,29.986831514962347,2024-06-10,Dublin
2022-10-10,9.787576679848545,12.45747163329942,2024-06-11,Dublin
2022-10-11,8.860514186633978,26.313384318954945,2024-06-12,Dublin
2022-10-12,6.071665899728773,19.83361812882879,2024-06-13,Dublin
2022-10-13,18.978084735857774,26.924343777923387,2024-06-14,Dublin
2022-10-14,13.979771948549356,19.89091785148544,2024-06-15,Dublin
2022-10-15,13.196554870306262,14.432825121365072,2024-06-16,Dublin
2022-10-16,6.334972454463025,26.59801035563979,2024-06-17,Dublin
2022-10-17,15.283723420423946,20.866994805420052,2024-06-18,Dublin
2022-10-18,10.659613925242477,13.796218845236375,2024-06-19,Dublin
2022-10-19,10.820767025015687,21.07905915281329,2024-06-20,Dublin
2022-10-20,6.19444436979458,23.292759700694813,2024-06-21,Dublin
2022-10-21,6.099522884215731,12.22085144919738,2024-06-22,Dublin
2022-10-22,19.867676412765462,29.36017909627631,2024-06-23,Dublin
2022-10-23,15.87278482775444,10.596750552756438,2024-06-24,Dublin
2022-10-24,13.697013827723811,18.60074997000662,2024-06-25,Dublin
2022-10-25,18.439955365064343,28.682571351799933,2024-06-26,Dublin
2022-10-26,11.586313358590957,14.27394992640677,2024-06-27,Dublin
2022-10-27,13.213096255838952,26.32594560535296,2024-06-28,Dublin
2022-10-28,7.410885693882073,18.233163072862666,2024-06-29,Dublin
2022-10-29,16.790261047650944,18.23925359854733,2024-06-30,Dublin
2022-10-30,5.765035813873382,18.096100382429686,2024-07-01,Dublin
2022-10-31,6.702036605218421,21.728869484147562,2024-07-02,Dublin
2022-11-01,8.101770579669255,24.52010199766399,2024-07-03,Dublin
2022-11-02,5.288973379431258,11.176266369216695,2024-07-04,Dublin
2022-11-03,15.270770977552692,28.52086405704924,2024-07-05,Dublin
2022-11-04,13.944308084387862,20.560308796812564,2024-07-06,Dublin
2022-11-05,8.676193934169397,12.206597075435939,2024-07-07,Dublin
2022-11-06,18.330331396374003,13.23397366175487,2024-07-08,Dublin
2022-11-07,9.389483241439036,21.193219619189417,2024-07-09,Dublin
2022-11-08,11.248483178329158,18.600459424884455,2024-07-10,Dublin
2022-11-09,8.544116172442507,11.055456871076704,2024-07-11,Dublin
2022-11-10,12.433136433245625,20.147280747101256,2024-07-12,Dublin
2022-11-11,16.67845157381521,29.008631560381556,2024-07-13,Dublin
2022-11-12,7.811110292474507,15.510438693274995,2024-07-14,Dublin
2022-11-13,19.498848389655613,20.01039249373133,2024-07-15,Dublin
2022-11-14,5.063871652395077,20.14234261493776,2024-07-16,Dublin
2022-11-15,10.656203535830855,18.71668741783099,2024-07-17,Dublin
2022-11-16,6.198816989988661,14.26412959504037,2024-07-18,Dublin
2022-11-17,14.021528632355714,26.19171699251734,2024-07-19,Dublin
2022-11-18,16.693979393134384,20.068478468909028,2024-07-20,Dublin
2022-11-19,15.201914527616461,20.05013333354763,2024-07-21,Dublin
2022-11-20,14.513573842826931,21.596513193201137,2024-07-22,Dublin
2022-11-21,6.450145476790793,15.276512195441374,2024-07-23,Dublin
2022-11-22,6.822433422263144,14.510836910903757,2024-07-24,Dublin
2022-11-23,8.614197619257851,26.217836749500247,2024-07-25,Dublin
2022-11-24,16.960761448921854,26.829173018084937,2024-07-26,Dublin
2022-11-25,19.91210897994591,22.41598299729402,2024-07-27,Dublin
2022-11-26,19.886880559243064,22.72472374332579,2024-07-28,Dublin
2022-11-27,11.568430779289738,20.193428015938196,2024-07-29,Dublin
2022-11-28,18.985955282483236,11.267218635705653,2024-07-30,Dublin
2022-11-29,5.931259009088957,10.522325821362593,2024-07-31,Dublin
2022-11-30,14.16638047319767,14.308683382947917,2024-08-01,Dublin
2022-12-01,16.011065039225088,23.006023322953723,2024-08-02,Dublin
2022-12-02,17.034285675788485,28.925037280269535,2024-08-03,Dublin
2022-12-03,19.911538575551383,15.048442333716379,2024-08-04,Dublin
2022-12-04,10.47833505913599,26.550864024799353,2024-08-05,Dublin
2022-12-05,5.326236752369483,19.107025659043664,2024-08-06,Dublin
2022-12-06,13.228760186369042,26.6478701762641,2024-08-07,Dublin
2022-12-07,19.33184089706964,12.661972114032851,2024-08-08,Dublin
2022-12-08,7.352781840411479,12.527867888444106,2024-08-09,Dublin
2022-12-09,5.654633453688991,12.683031351106752,2024-08-10,Dublin
2022-12-10,16.684036228388084,21.06006085746001,2024-08-11,Dublin
2022-12-11,9.52953815764445,11.595440112036535,2024-08-12,Dublin
2022-12-12,10.087683859193032,28.513215338657844,2024-08-13,Dublin
2022-12-13,5.316578649378234,24.88815427076705,2024-08-14,Dublin
2022-12-14,10.263157760372025,11.550119851505428,2024-08-15,Dublin
2022-12-15,18.884876527824286,11.517416779600664,2024-08-16,Dublin
2022-12-16,10.33743382716297,16.70081249311518,2024-08-17,Dublin
2022-12-17,9.699295912137641,28.334190807834567,2024-08-18,Dublin
2022-12-18,13.132345747688609,28.396050500075226,2024-08-19,Dublin
2022-12-19,6.724555800685371,27.94442809820955,2024-08-20,Dublin
2022-12-20,11.493773960090815,28.9713149890516,2024-08-21,Dublin
2022-12-21,11.842401134995214,15.253737458106336,2024-08-22,Dublin
2022-12-22,13.377879946490877,20.877529782260662,2024-08-23,Dublin
2022-12-23,7.5352706192492755,19.848289251024593,2024-08-24,Dublin
2022-12-24,19.478951927424824,22.869244231862243,2024-08-25,Dublin
2022-12-25,16.34908804970454,14.095633760416868,2024-08-26,Dublin
2022-12-26,14.131767796071738,16.80146489745121,2024-08-27,Dublin
2022-12-27,12.51649086251933,13.01237435077491,2024-08-28,Dublin
2022-12-28,12.351521860613794,23.23137456016379,2024-08-29,Dublin
2022-12-29,16.88402760810721,27.48555945567088,2024-08-30,Dublin
2022-12-30,11.88921449553431,15.800994931704206,2024-08-31,Dublin
2022-12-31,18.071400427661487,28.178460191062126,2024-09-01,Dublin
2023-01-01,17.37032281499279,22.497066431331834,2024-09-02,Dublin
2023-01-02,19.257349149041904,27.49430032642427,2024-09-03,Dublin
2023-01-03,11.08134314752803,21.253413554821826,2024-09-04,Dublin
2023-01-04,18.962178262799693,22.48994857032202,2024-09-05,Dublin
2023-01-05,9.02808177001125,23.145270512217557,2024-09-06,Dublin
2023-01-06,5.506330021741816,16.595830176217284,2024-09-07,Dublin
2023-01-07,18.750028596289756,23.391002411204052,2024-09-08,Dublin
2023-01-08,13.449072073408834,23.312894660781115,2024-09-09,Dublin
2023-01-09,6.362672230823746,19.121216721179263,2024-09-10,Dublin
2023-01-10,9.66271739512589,17.295626894416436,2024-09-11,Dublin
2023-01-11,5.973940302961342,14.236770011522566,2024-09-12,Dublin
2023-01-12,15.43079475073046,23.257288800526567,2024-09-13,Dublin
2023-01-13,14.232254832901052,28.295041526835096,2024-09-14,Dublin
2023-01-14,16.666903911421294,18.0207003835054,2024-09-15,Dublin
2023-01-15,13.51780652580521,29.28311590089815,2024-09-16,Dublin
2023-01-16,16.902538868554526,20.287646629366705,2024-09-17,Dublin
2023-01-17,5.2442244495130055,25.552111256688374,2024-09-18,Dublin
2023-01-18,9.89919714832904,22.753087032264837,2024-09-19,Dublin
2023-01-19,19.230167575748705,11.933832767473753,2024-09-20,Dublin
2023-01-20,9.198864481226446,19.89280727704815,2024-09-21,Dublin
2023-01-21,18.567793397075683,18.872743670441622,2024-09-22,Dublin
2023-01-22,13.999659928202831,11.724258221047787,2024-09-23,Dublin
2023-01-23,9.726401607132322,24.23966794876344,2024-09-24,Dublin
2023-01-24,9.49416557079762,22.58637557685963,2024-09-25,Dublin
2023-01-25,19.666916607773285,27.47767398411824,2024-09-26,Dublin
2023-01-26,17.24481527850475,11.51355244508186,2024-09-27,Dublin
2023-01-27,17.377720016395624,26.449674301902178,2024-09-28,Dublin
2023-01-28,8.353252842471463,23.38674907048002,2024-09-29,Dublin
2023-01-29,15.47558743036885,17.73618663200738,2024-09-30,Dublin
2023-01-30,10.48484257377777,12.021729570419744,2024-10-01,Dublin
2023-01-31,7.372043909103035,13.70842513557762,2024-10-02,Dublin
2023-02-01,9.789781598362492,13.82137013941395,2024-10-03,Dublin
2023-02-02,7.199272595071417,14.14485880377603,2024-10-04,Dublin
2023-02-03,9.551853896487327,10.721231967534472,2024-10-05,Dublin
2023-02-04,5.016404516140398,26.680969259170066,2024-10-06,Dublin
2023-02-05,11.548222507770229,12.37782009395107,2024-10-07,Dublin
2023-02-06,11.236617771944436,23.69786744507695,2024-10-08,Dublin
2023-02-07,9.473244087518445,14.314590957196515,2024-10-09,Dublin
2023-02-08,11.944644546852455,24.513079961231725,2024-10-10,Dublin
2023-02-09,13.265068353617746,17.15279996142506,2024-10-11,Dublin
2023-02-10,10.100560006780169,19.140997261365765,2024-10-12,Dublin
2023-02-11,19.26877310887463,13.684319942885331,2024-10-13,Dublin
2023-02-12,5.086668874285349,13.497376451776528,2024-10-14,Dublin
2023-02-13,9.153067371871934,18.009540042988675,2024-10-15,Dublin
2023-02-14,7.226752976111622,12.942680824619195,2024-10-16,Dublin
2023-02-15,17.040427852498183,15.23518828060852,2024-10-17,Dublin
2023-02-16,8.985976230953039,16.991229264117337,2024-10-18,Dublin
2023-02-17,5.931118341757109,16.52621953322088,2024-10-19,Dublin
2023-02-18,17.9530891548424,12.947421361990978,2024-10-20,Dublin
2023-02-19,15.413730514968776,24.45298505467178,2024-10-21,Dublin
2023-02-20,14.471640002703438,28.144869643041247,2024-10-22,Dublin
2023-02-21,15.253804069522685,16.063049998573508,2024-10-23,Dublin
2023-02-22,15.14751267088054,20.31903354024743,2024-10-24,Dublin
2023-02-23,8.904055695168436,13.048877138154571,2024-10-25,Dublin
2023-02-24,14.846224949423435,25.51267765894107,2024-10-26,Dublin
2023-02-25,5.8897517233212024,18.126596975657826,2024-10-27,Dublin
2023-02-26,6.2059790508582555,14.773516280239482,2024-10-28,Dublin
2023-02-27,8.509813161121443,17.804319640565435,2024-10-29,Dublin
2023-02-28,9.233727742592121,13.0274918802305,2024-10-30,Dublin
2023-03-01,7.205073670274353,25.30789368913994,2024-10-31,Dublin
2023-03-02,5.724897778744646,24.460410850938853,2024-11-01,Dublin
2023-03-03,19.830211751946397,21.21522883756189,2024-11-02,Dublin
2023-03-04,5.8341691005122,13.15200734054882,2024-11-03,Dublin
2023-03-05,6.479840012173323,17.602291555008808,2024-11-04,Dublin
2023-03-06,5.8018379800865425,11.916689501261526,2024-11-05,Dublin
2023-03-07,12.210081606444398,20.215711539153176,2024-11-06,Dublin
2023-03-08,14.443677715766736,20.62422739994429,2024-11-07,Dublin
2023-03-09,7.980368555167513,15.913161171037398,2024-11-08,Dublin
2023-03-10,19.066839861070644,28.429621869629756,2024-11-09,Dublin
2023-03-11,5.26960374523491,20.57532936252777,2024-11-10,Dublin
2023-03-12,7.684814303496585,27.45322388624164,2024-11-11,Dublin
2023-03-13,17.693974362858388,14.468029780929871,2024-11-12,Dublin
2023-03-14,15.959897263968534,10.530592981391084,2024-11-13,Dublin
2023-03-15,10.53059888188291,26.84681299061104,2024-11-14,Dublin
2023-03-16,15.982525785826518,29.596374487530934,2024-11-15,Dublin
2023-03-17,9.649999569743187,16.598410372678153,2024-11-16,Dublin
2023-03-18,13.173988454598986,17.0224250449448,2024-11-17,Dublin
2023-03-19,14.178668004467337,27.161669005043578,2024-11-18,Dublin
2023-03-20,12.409833472173176,13.968590038118823,2024-11-19,Dublin
2023-03-21,8.180555643001517,22.324819954209453,2024-11-20,Dublin
2023-03-22,17.649978364237096,20.631573081985092,2024-11-21,Dublin
2023-03-23,18.675276073947018,25.694893242965474,2024-11-22,Dublin
2023-03-24,16.15399064010932,16.7532295117575,2024-11-23,Dublin
2023-03-25,14.054594490866794,16.858958350009956,2024-11-24,Dublin
2023-03-26,16.52634391059396,14.599293770109043,2024-11-25,Dublin
2023-03-27,7.581242746382467,24.93961184589708,2024-11-26,Dublin
2023-03-28,18.45702711557129,21.555881702512036,2024-11-27,Dublin
2023-03-29,11.955454819603604,27.179925610119497,2024-11-28,Dublin
2023-03-30,7.0798931859746315,11.820511855126927,2024-11-29,Dublin
2023-03-31,8.476129602539565,16.168711229906226,2024-11-30,Dublin
2023-04-01,14.249711548777375,19.423659763804416,2024-12-01,Dublin
2023-04-02,19.62948794517679,21.22776430350331,2024-12-02,Dublin
2023-04-03,10.516879453883382,18.946319051244657,2024-12-03,Dublin
2023-04-04,19.869679648374365,24.861915299962526,2024-12-04,Dublin
2023-04-05,16.116217864973056,16.460227323937207,2024-12-05,Dublin
2023-04-06,15.153862292167117,21.792317137771157,2024-12-06,Dublin
2023-04-07,15.001739516469064,25.832626992073887,2024-12-07,Dublin
2023-04-08,16.945182567176946,22.239466529943268,2024-12-08,Dublin
2023-04-09,6.825213971374367,11.003940732179892,2024-12-09,Dublin
2023-04-10,7.5366940324426785,23.006642085729343,2024-12-10,Dublin
2023-04-11,16.559685136722443,12.04218489042437,2024-12-11,Dublin
2023-04-12,18.969529985964407,10.08613997127144,2024-12-12,Dublin
2023-04-13,7.337194609070168,28.11593909270036,2024-12-13,Dublin
2023-04-14,11.061812038782923,18.19698446053775,2024-12-14,Dublin
2023-04-15,17.363925510419875,25.910647747926365,2024-12-15,Dublin
2023-04-16,6.804167494136023,11.984209625265095,2024-12-16,Dublin
2023-04-17,17.05455776900724,23.309934273640415,2024-12-17,Dublin
2023-04-18,7.747115255597585,10.5773488829524,2024-12-18,Dublin
2023-04-19,19.255904137191997,22.052706287686092,2024-12-19,Dublin
2023-04-20,11.47243867501217,10.513369671327082,2024-12-20,Dublin
2023-04-21,17.68053765637749,13.932813557800806,2024-12-21,Dublin
2023-04-22,12.878165428601411,20.11760196747558,2024-12-22,Dublin
2023-04-23,7.446485274207482,14.25661259842352,2024-12-23,Dublin
2023-04-24,17.509175411463367,18.071635357034673,2024-12-24,Dublin
2023-04-25,8.483498401228568,25.972994810319946,2024-12-25,Dublin
2023-04-26,6.294807234900132,15.859521920742248,2024-12-26,Dublin
2023-04-27,19.982237596625808,16.249314137270105,2024-12-27,Dublin
2023-04-28,19.337519109854608,15.783250874022734,2024-12-28,Dublin
2023-04-29,8.27405392403944,22.359925888215347,2024-12-29,Dublin
2023-04-30,8.915005516850497,12.556733672515675,2024-12-30,Dublin
